{
    "image": "mcr.microsoft.com/devcontainers/universal:2",
    "hostRequirements": {
      "cpus": 2
    },
    "waitFor": "onCreateCommand",
    "updateContentCommand": "python3 -m pip install -r requirements.txt",
    "postCreateCommand": "",
    "features": {
        "ghcr.io/devcontainers/features/azure-cli:1": {
          "installBicep": true
        }
      },
    "customizations": {
      "codespaces": {
        "openFiles": []
      },
      "vscode": {
        "extensions": [
          "ms-toolsai.jupyter",
          "ms-python.python"
        ]
      }
    }
  }
